{"cameraMode":{"drawMode":0,"name":"Shaded","section":"Shading Mode"},"sceneLighting":false,"audioPlay":false,"sceneViewState":{"showFog":true,"showMaterialUpdate":false,"showSkybox":false,"showFlares":true,"showImageEffects":true,"showParticleSystems":true},"in2DMode":false,"pivot":{"x":-2.4791300296783449,"y":2.2870795726776125,"z":-2.6388378143310549},"rotation":{"x":0.05331092327833176,"y":-0.15602761507034303,"z":0.008433707058429718,"w":0.9862788319587708},"size":3.5845565795898439,"orthographic":false}