{"cameraMode":{"drawMode":0,"name":"Shaded","section":"Shading Mode"},"sceneLighting":false,"audioPlay":false,"sceneViewState":{"showFog":true,"showMaterialUpdate":false,"showSkybox":false,"showFlares":true,"showImageEffects":true,"showParticleSystems":true},"in2DMode":false,"pivot":{"x":-2.3734967708587648,"y":1.5159145593643189,"z":0.496534526348114},"rotation":{"x":0.04297284409403801,"y":-0.09934506565332413,"z":0.004293949343264103,"w":0.9941197633743286},"size":5.2034502029418949,"orthographic":false}