{"cameraMode":{"drawMode":0,"name":"Shaded","section":"Shading Mode"},"sceneLighting":false,"audioPlay":false,"sceneViewState":{"showFog":true,"showMaterialUpdate":false,"showSkybox":false,"showFlares":true,"showImageEffects":true,"showParticleSystems":true},"in2DMode":false,"pivot":{"x":0.7043869495391846,"y":0.9204846620559692,"z":-0.18869659304618836},"rotation":{"x":0.27552330493927,"y":-0.6306098103523254,"z":0.2558983564376831,"w":0.6789478063583374},"size":0.7316755652427673,"orthographic":false}