{"cameraMode":{"drawMode":0,"name":"Shaded","section":"Shading Mode"},"sceneLighting":true,"audioPlay":false,"sceneViewState":{"showFog":true,"showMaterialUpdate":false,"showSkybox":true,"showFlares":true,"showImageEffects":true,"showParticleSystems":true},"in2DMode":false,"pivot":{"x":0.800001859664917,"y":1.503180980682373,"z":0.016342580318450929},"rotation":{"x":0.5448811650276184,"y":-0.011823787353932858,"z":0.007682378403842449,"w":0.8384217023849487},"size":2.3241631984710695,"orthographic":false}